Accuracy,Precision,Recall,F1,AUC
0.488,0.48828125,0.5,0.49407114624505927,0.486352
0.494,0.4942084942084942,0.512,0.5029469548133596,0.508112
0.51,0.5103734439834025,0.492,0.5010183299389003,0.500032
0.502,0.5019762845849802,0.508,0.5049701789264414,0.518352
0.51,0.5100401606425703,0.508,0.5090180360721442,0.511344
