Accuracy,Precision,Recall,F1,AUC
0.47,0.45454545454545453,0.430327868852459,0.4421052631578947,0.4525006403688524
0.51,0.4979919678714859,0.5081967213114754,0.5030425963488844,0.5076524077868853
0.54,0.5333333333333333,0.45901639344262296,0.4933920704845815,0.5289126536885246
0.524,0.5127118644067796,0.4959016393442623,0.5041666666666665,0.5168417008196722
0.444,0.43089430894308944,0.4344262295081967,0.4326530612244898,0.4339619620901639
