Accuracy,Precision,Recall,F1,AUC
0.496,0.5069444444444444,0.5703125,0.5367647058823529,0.4784355788934426
0.504,0.5153846153846153,0.5234375,0.5193798449612402,0.5017450051229508
0.548,0.5609756097560976,0.5390625,0.5498007968127491,0.5526543288934426
0.514,0.5241635687732342,0.55078125,0.5371428571428571,0.4914190573770493
0.518,0.5251798561151079,0.5725490196078431,0.547842401500938,0.5362945178071228
