Dataset,Accuracy,Precision,Recall,F1,AUC
df_20,0.49960000000000004,0.49971477500791683,0.4896,0.49451077777773095,0.511024
df_30,0.4968,0.48301136728896077,0.4442622950819672,0.4624787487013567,0.4915087090163934
df_40,0.5035999999999999,0.5155106750046604,0.532469362745098,0.5235415547982856,0.5044414395881304
