Dataset,Accuracy,Precision,Recall,F1,AUC
df_20,0.5008,0.5009759266838893,0.504,0.5024049291991809,0.5048384
df_30,0.4976,0.48589538582002856,0.46557377049180326,0.4750719315765034,0.48797387295081973
df_40,0.516,0.5265296188946998,0.5512285539215686,0.5381861212600275,0.5121096976188017
