Accuracy,Precision,Recall,F1,AUC
0.454,0.47058823529411764,0.53125,0.4990825688073394,0.45775166495901637
0.504,0.5153846153846153,0.5234375,0.5193798449612402,0.503602074795082
0.544,0.556,0.54296875,0.549407114624506,0.5549276383196722
0.488,0.5,0.50390625,0.5019455252918288,0.47414510758196715
0.528,0.5355805243445693,0.5607843137254902,0.5478927203065134,0.531780712284914
