Accuracy,Precision,Recall,F1,AUC
0.482,0.46808510638297873,0.45081967213114754,0.4592901878914405,0.4656762295081967
0.522,0.5109170305676856,0.47950819672131145,0.49471458773784355,0.5163454149590163
0.502,0.48756218905472637,0.4016393442622951,0.4404494382022472,0.4951972336065574
0.538,0.5281385281385281,0.5,0.5136842105263157,0.5470991290983607
0.44,0.42035398230088494,0.38934426229508196,0.4042553191489362,0.43322553790983603
