Accuracy,Precision,Recall,F1,AUC
0.482,0.4816326530612245,0.472,0.4767676767676768,0.494336
0.514,0.5146443514644351,0.492,0.5030674846625767,0.524912
0.5,0.5,0.48,0.4897959183673469,0.49663999999999997
0.496,0.49612403100775193,0.512,0.5039370078740157,0.5198240000000001
0.506,0.5061728395061729,0.492,0.49898580121703856,0.5194079999999999
